Milliseconds,RPM,RPM EGO Motor,Brake Motor RPM,PWM Duty Cycle(%),Counter Torque,Counter Torque(Nm),ESC Voltage(V),ESC Input Current(A)
18700,0,0,0,4.37,0,0,8.41,0.000000
18800,0,0,0,4.37,0,0,8.41,0.180000
18900,0,0,0,4.37,0,0,8.41,0.180000
19000,0,0,0,4.37,0,0,8.41,0.180000
19100,0,0,0,4.37,0,0,8.41,0.180000
19200,0,0,0,4.37,0,0,8.41,0.180000
19300,0,0,0,4.37,0,0,8.41,0.180000
19400,0,0,0,4.37,0,0,8.41,0.180000
19500,0,0,0,4.37,0,0,8.41,0.180000
19600,0,0,0,4.37,0,0,8.41,0.180000
19700,0,0,0,4.37,0,0,8.41,0.180000
19800,0,0,0,4.37,0,0,8.41,0.180000
19900,0,0,0,4.37,0,0,8.41,0.180000
20000,0,0,0,4.37,0,0,8.41,0.180000
20100,0,0,0,4.37,0,0,8.41,0.180000
20200,0,0,0,4.37,0,0,8.41,0.180000
20300,0,0,0,4.37,0,0,8.41,0.180000
20400,0,0,0,4.37,0,0,8.41,0.180000
20500,0,0,0,4.37,0,0,8.41,0.180000
20600,0,0,0,4.37,0,0,8.41,0.180000
20700,0,0,0,4.37,0,0,8.41,0.180000
20800,0,0,0,4.37,0,0,8.41,0.180000
20900,0,0,0,4.37,0,0,8.41,0.180000
21000,0,0,0,4.37,0,0,8.41,0.180000
21100,0,0,0,4.37,0,0,8.41,0.180000
21200,0,0,0,4.37,0,0,8.41,0.180000
21300,0,0,0,4.37,0,0,8.41,0.180000
21400,0,0,0,4.37,0,0,8.41,0.180000
21500,0,0,0,4.37,0,0,8.41,0.180000
21600,0,0,0,4.37,0,0,8.41,0.180000
21700,0,0,0,4.37,0,0,8.41,0.180000
21800,0,0,0,4.37,0,0,8.41,0.180000
21900,0,0,0,4.37,0,0,8.41,0.180000
22000,0,0,0,4.37,0,0,8.41,0.180000
22100,0,0,0,4.37,0,0,8.41,0.180000
22200,0,0,0,4.37,0,0,8.41,0.240000
22300,0,0,0,4.37,0,0,8.41,0.180000
22400,0,0,0,4.37,0,0,8.41,0.180000
22500,0,0,0,4.37,0,0,8.41,0.180000
22600,0,0,0,4.37,0,0,8.41,0.180000
22700,0,0,0,4.37,0,0,8.41,0.180000
22800,0,0,0,4.37,0,0,8.41,0.180000
22900,0,0,0,4.37,0,0,8.41,0.180000
23000,0,0,0,4.37,0,0,8.41,0.180000
23100,0,0,0,4.37,0,0,8.41,0.180000
23200,0,0,0,4.37,0,0,8.41,0.180000
23300,0,0,0,4.37,0,0,8.41,0.180000
23400,0,0,0,4.37,0,0,8.41,0.180000
23500,0,0,0,4.37,0,0,8.41,0.180000
23600,0,0,0,4.37,0,0,8.41,0.180000
23700,0,0,0,4.37,0,0,8.41,0.180000
23800,0,0,0,4.37,0,0,8.41,0.180000
23900,0,0,0,4.37,0,0,8.41,0.180000
24000,0,0,0,4.37,0,0,8.41,0.180000
24100,0,0,0,4.37,0,0,8.41,0.180000
24200,0,0,0,4.37,0,0,8.41,0.180000
24300,0,0,0,4.37,0,0,8.41,0.180000
24400,0,0,0,4.37,0,0,8.41,0.180000
24500,0,0,0,4.37,0,0,8.41,0.180000
24600,0,0,0,4.37,0,0,8.41,0.180000
24700,0,0,0,4.37,0,0,8.41,0.180000
24800,0,0,0,4.37,0,0,8.41,0.180000
24900,0,0,0,4.37,0,0,8.41,0.180000
25000,0,0,0,4.37,0,0,8.41,0.180000
25100,0,0,0,4.37,0,0,8.41,0.180000
25200,0,0,0,4.37,0,0,8.41,0.180000
25300,0,0,0,4.37,0,0,8.41,0.180000
25400,0,0,0,4.37,0,0,8.41,0.180000
25500,0,0,0,4.37,0,0,8.41,0.180000
25600,0,0,0,4.37,0,0,8.41,0.180000
25700,0,0,0,4.37,0,0,8.41,0.120000
25800,0,0,0,4.37,0,0,8.41,0.180000
25900,0,0,0,4.37,0,0,8.41,0.180000
26000,0,0,0,4.37,0,0,8.41,0.180000
26100,0,0,0,4.37,0,0,8.41,0.180000
26200,0,0,0,4.37,0,0,8.41,0.180000
26300,0,0,0,4.37,0,0,8.41,0.180000
26400,0,0,0,4.37,0,0,8.41,0.180000
26500,0,0,0,4.37,0,0,8.41,0.180000
26600,0,0,0,4.37,0,0,8.41,0.180000
26700,0,0,0,4.37,0,0,8.41,0.180000
26800,0,0,0,4.37,0,0,8.41,0.180000
26900,0,0,0,4.37,0,0,8.41,0.180000
27000,0,0,0,4.37,0,0,8.41,0.180000
27100,0,0,0,4.37,0,0,8.41,0.180000
27200,0,0,0,4.37,0,0,8.41,0.180000
27300,0,0,0,4.37,0,0,8.41,0.180000
27400,0,0,0,4.37,0,0,8.41,0.180000
27500,0,0,0,4.37,0,0,8.41,0.180000
27600,0,0,0,4.37,0,0,8.41,0.180000
27700,0,0,0,4.37,0,0,8.41,0.180000
27800,0,0,0,4.37,0,0,8.41,0.180000
27900,0,0,0,4.37,0,0,8.41,0.180000
28000,0,0,0,4.37,0,0,8.41,0.180000
28100,0,0,0,4.37,0,0,8.41,0.180000
28200,0,0,0,4.37,0,0,8.41,0.180000
28300,0,0,0,4.37,0,0,8.41,0.180000
28400,0,0,0,4.37,0,0,8.41,0.180000
28500,0,0,0,4.37,0,0,8.41,0.180000
28600,0,0,0,4.37,0,0,8.41,0.180000
28700,0,0,0,7.2,0,0,8.41,0.180000
28800,0,0,0,7.2,0,0,8.41,0.550000
28900,0,0,0,7.2,0,0,8.41,0.550000
29000,0,0,0,7.2,0,0,8.41,0.490000
29100,0,0,0,7.2,0,0,8.41,0.490000
29200,0,0,0,7.2,0,0,8.41,0.490000
29300,0,0,0,7.2,0,0,8.41,0.550000
29400,0,0,0,7.2,0,0,8.41,0.550000
29500,0,0,0,7.2,0,0,8.41,0.610000
29600,0,0,0,7.2,0,0,8.41,0.610000
29700,0,0,0,7.2,0,0,8.41,0.610000
29800,0,0,0,7.2,0,0,8.41,0.610000
29900,0,0,0,7.2,0,0,8.41,0.550000
30000,0,0,0,7.2,0,0,8.41,0.550000
30100,0,0,0,7.2,0,0,8.41,0.610000
30200,0,0,0,7.2,0,0,8.41,0.550000
30300,0,0,0,7.2,0,0,8.41,0.490000
30400,0,0,0,7.2,0,0,8.41,0.550000
30500,0,0,0,7.2,0,0,8.41,0.550000
30600,0,0,0,7.2,0,0,8.41,0.610000
30700,0,0,0,7.2,0,0,8.41,0.550000
30800,0,0,0,7.2,0,0,8.41,0.550000
30900,0,0,0,7.2,0,0,8.41,0.610000
31000,0,0,0,7.2,0,0,8.41,0.610000
31100,0,0,0,7.2,0,0,8.41,0.550000
31200,0,0,0,7.2,0,0,8.41,0.610000
31300,0,0,0,7.2,0,0,8.41,0.610000
31400,0,0,0,7.2,0,0,8.41,0.550000
31500,0,0,0,7.2,0,0,8.41,0.550000
31600,0,0,0,7.2,0,0,8.41,0.610000
31700,0,0,0,7.2,0,0,8.41,0.550000
31800,0,0,0,7.2,0,0,8.41,0.550000
31900,0,0,0,7.2,0,0,8.41,0.610000
32000,0,0,0,7.2,0,0,8.41,0.550000
32100,0,0,0,7.2,0,0,8.41,0.610000
32200,0,0,0,7.2,0,0,8.41,0.550000
32300,0,0,0,7.2,0,0,8.41,0.550000
32400,0,0,0,7.2,0,0,8.41,0.550000
32500,0,0,0,7.2,0,0,8.41,0.610000
32600,0,0,0,7.2,0,0,8.41,0.610000
32700,0,0,0,7.2,0,0,8.41,0.550000
32800,0,0,0,7.2,0,0,8.41,0.610000
32900,0,0,0,7.2,0,0,8.41,0.550000
33000,0,0,0,7.2,0,0,8.41,0.610000
33100,0,0,0,7.2,0,0,8.41,0.610000
33200,0,0,0,7.2,0,0,8.41,0.550000
33300,0,0,0,7.2,0,0,8.41,0.550000
33400,0,0,0,7.2,0,0,8.41,0.610000
33500,0,0,0,7.2,0,0,8.41,0.550000
33600,0,0,0,7.2,0,0,8.41,0.550000
33700,0,0,0,7.2,0,0,8.41,0.610000
33800,0,0,0,7.2,0,0,8.41,0.610000
33900,0,0,0,7.2,0,0,8.41,0.610000
34000,0,0,0,7.2,0,0,8.41,0.550000
34100,0,0,0,7.2,0,0,8.41,0.610000
34200,0,0,0,7.2,0,0,8.41,0.610000
34300,0,0,0,7.2,0,0,8.41,0.610000
34400,0,0,0,7.2,0,0,8.41,0.610000
34500,0,0,0,7.2,0,0,8.41,0.550000
34600,0,0,0,7.2,0,0,8.41,0.550000
34700,0,0,0,7.2,0,0,8.41,0.610000
34800,0,0,0,7.2,0,0,8.41,0.610000
34900,0,0,0,7.2,0,0,8.41,0.610000
35000,0,0,0,7.2,0,0,8.41,0.610000
35100,0,0,0,7.2,0,0,8.41,0.610000
35200,0,0,0,7.2,0,0,8.41,0.610000
35300,0,0,0,7.2,0,0,8.41,0.550000
35400,0,0,0,7.2,0,0,8.41,0.610000
35500,0,0,0,7.2,0,0,8.41,0.610000
35600,0,0,0,7.2,0,0,8.41,0.550000
35700,0,0,0,7.2,0,0,8.41,0.610000
35800,0,0,0,7.2,0,0,8.41,0.610000
35900,0,0,0,7.2,0,0,8.41,0.490000
36000,0,0,0,7.2,0,0,8.41,0.550000
36100,0,0,0,7.2,0,0,8.41,0.550000
36200,0,0,0,7.2,0,0,8.41,0.610000
36300,0,0,0,7.2,0,0,8.41,0.550000
36400,0,0,0,7.2,0,0,8.41,0.490000
36500,0,0,0,7.2,0,0,8.41,0.610000
36600,0,0,0,7.2,0,0,8.41,0.610000
36700,0,0,0,7.2,0,0,8.41,0.550000
36800,0,0,0,7.2,0,0,8.41,0.550000
36900,0,0,0,7.2,0,0,8.41,0.550000
37000,0,0,0,7.2,0,0,8.41,0.610000
37100,0,0,0,7.2,0,0,8.41,0.550000
37200,0,0,0,7.2,0,0,8.41,0.550000
37300,0,0,0,7.2,0,0,8.41,0.610000
37400,0,0,0,7.2,0,0,8.41,0.610000
37500,0,0,0,7.2,0,0,8.41,0.550000
37600,0,0,0,7.2,0,0,8.41,0.550000
37700,0,0,0,7.2,0,0,8.41,0.550000
37800,0,0,0,7.2,0,0,8.41,0.610000
37900,0,0,0,7.2,0,0,8.41,0.550000
38000,0,0,0,7.2,0,0,8.41,0.550000
38100,0,0,0,7.2,0,0,8.41,0.550000
38200,0,0,0,7.2,0,0,8.41,0.550000
38300,0,0,0,7.2,0,0,8.41,0.550000
38400,0,0,0,7.2,0,0,8.41,0.550000
38500,0,0,0,7.2,0,0,8.41,0.550000
38600,0,0,0,7.2,0,0,8.41,0.610000
38700,0,0,0,7.2,0,0,8.41,0.610000
38800,0,0,0,10,0,0,8.41,0.920000
38900,0,0,0,10,0,0,8.41,0.920000
39000,0,0,0,10,0,0,8.41,0.980000
39100,0,0,0,10,0,0,8.41,0.980000
39200,0,0,0,10,0,0,8.41,0.980000
39300,0,0,0,10,0,0,8.41,1.050000
39400,0,0,0,10,0,0,8.41,1.050000
39500,0,0,0,10,0,0,8.41,1.050000
39600,0,0,0,10,0,0,8.41,0.980000
39700,0,0,0,10,0,0,8.41,0.980000
39800,0,0,0,10,0,0,8.41,1.050000
39900,0,0,0,10,0,0,8.41,0.980000
40000,0,0,0,10,0,0,8.41,0.980000
40100,0,0,0,10,0,0,8.41,0.920000
40200,0,0,0,10,0,0,8.41,0.980000
40300,0,0,0,10,0,0,8.41,1.050000
40400,0,0,0,10,0,0,8.41,0.920000
40500,0,0,0,10,0,0,8.41,0.980000
40600,0,0,0,10,0,0,8.41,1.050000
40700,0,0,0,10,0,0,8.41,1.110000
40800,0,0,0,10,0,0,8.41,1.050000
40900,0,0,0,10,0,0,8.41,1.050000
41000,0,0,0,10,0,0,8.41,1.050000
41100,0,0,0,10,0,0,8.41,1.050000
41200,0,0,0,10,0,0,8.41,1.050000
41300,0,0,0,10,0,0,8.41,0.920000
41400,0,0,0,10,0,0,8.41,1.050000
41500,0,0,0,10,0,0,8.41,0.980000
41600,0,0,0,10,0,0,8.41,1.050000
41700,0,0,0,10,0,0,8.41,0.980000
41800,0,0,0,10,0,0,8.41,1.050000
41900,0,0,0,10,0,0,8.41,0.980000
42000,0,0,0,10,0,0,8.41,0.980000
42100,0,0,0,10,0,0,8.41,0.920000
42200,0,0,0,10,0,0,8.41,1.050000
42300,0,0,0,10,0,0,8.41,1.050000
42400,0,0,0,10,0,0,8.41,1.050000
42500,0,0,0,10,0,0,8.41,0.980000
42600,0,0,0,10,0,0,8.41,0.980000
42700,0,0,0,10,0,0,8.41,0.980000
42800,0,0,0,10,0,0,8.41,0.980000
42900,0,0,0,10,0,0,8.41,0.980000
43000,0,0,0,10,0,0,8.41,1.050000
43100,0,0,0,10,0,0,8.41,0.980000
43200,0,0,0,10,0,0,8.41,1.050000
43300,0,0,0,10,0,0,8.41,1.050000
43400,0,0,0,10,0,0,8.41,1.050000
43500,0,0,0,10,0,0,8.41,1.050000
43600,0,0,0,10,0,0,8.41,1.050000
43700,0,0,0,10,0,0,8.41,1.110000
43800,0,0,0,10,0,0,8.41,1.050000
43900,0,0,0,10,0,0,8.41,1.050000
44000,0,0,0,10,0,0,8.41,1.110000
44100,0,0,0,10,0,0,8.41,1.050000
44200,0,0,0,10,0,0,8.41,1.050000
44300,0,0,0,10,0,0,8.41,1.110000
44400,0,0,0,10,0,0,8.41,1.050000
44500,0,0,0,10,0,0,8.41,1.110000
44600,0,0,0,10,0,0,8.41,1.110000
44700,0,0,0,10,0,0,8.41,0.980000
44800,0,0,0,10,0,0,8.41,1.050000
44900,0,0,0,10,0,0,8.41,1.050000
45000,0,0,0,10,0,0,8.41,1.170000
45100,0,0,0,10,0,0,8.41,1.110000
45200,0,0,0,10,0,0,8.41,1.050000
45300,0,0,0,10,0,0,8.41,1.110000
45400,0,0,0,10,0,0,8.41,1.110000
45500,0,0,0,10,0,0,8.41,1.050000
45600,0,0,0,10,0,0,8.41,1.050000
45700,0,0,0,10,0,0,8.41,1.110000
45800,0,0,0,10,0,0,8.41,1.050000
45900,0,0,0,10,0,0,8.41,1.050000
46000,0,0,0,10,0,0,8.41,1.050000
46100,0,0,0,10,0,0,8.41,1.050000
46200,0,0,0,10,0,0,8.41,1.050000
46300,0,0,0,10,0,0,8.41,1.050000
46400,0,0,0,10,0,0,8.41,1.110000
46500,0,0,0,10,0,0,8.41,1.050000
46600,0,0,0,10,0,0,8.41,1.050000
46700,0,0,0,10,0,0,8.41,1.110000
46800,0,0,0,10,0,0,8.41,1.050000
46900,0,0,0,10,0,0,8.41,1.050000
47000,0,0,0,10,0,0,8.41,1.110000
47100,0,0,0,10,0,0,8.41,1.170000
47200,0,0,0,10,0,0,8.41,1.110000
47300,0,0,0,10,0,0,8.41,1.110000
47400,0,0,0,10,0,0,8.41,1.110000
47500,0,0,0,10,0,0,8.41,1.050000
47600,0,0,0,10,0,0,8.41,1.110000
47700,0,0,0,10,0,0,8.41,1.050000
47800,0,0,0,10,0,0,8.41,0.980000
47900,0,0,0,10,0,0,8.41,1.110000
48000,0,0,0,10,0,0,8.41,1.050000
48100,0,0,0,10,0,0,8.41,1.110000
48200,0,0,0,10,0,0,8.41,1.110000
48300,0,0,0,10,0,0,8.41,1.050000
48400,0,0,0,10,0,0,8.41,1.110000
48500,0,0,0,10,0,0,8.41,1.110000
48600,0,0,0,10,0,0,8.41,1.110000
48700,0,0,0,14,0,0,8.41,1.050000
48800,0,0,0,14,0,0,8.41,1.730000
48900,0,0,0,14,0,0,8.41,1.730000
49000,0,0,0,14,0,0,8.41,2.040000
49100,0,0,0,14,0,0,8.41,1.850000
49200,0,0,0,14,0,0,8.41,1.910000
49300,0,0,0,14,0,0,8.41,1.850000
49400,0,0,0,14,0,0,8.41,1.850000
49500,0,0,0,14,0,0,8.41,1.850000
49600,0,0,0,14,0,0,8.41,1.730000
49700,0,0,0,14,0,0,8.41,1.850000
49800,0,0,0,14,0,0,8.41,1.850000
49900,0,0,0,14,0,0,8.41,1.790000
50000,0,0,0,14,0,0,8.41,1.850000
50100,159,330.72,318,14,1263.813,0.001263813,8.41,1.790000
50200,159,330.72,318,14,1263.813,0.001263813,8.41,1.790000
50300,159,330.72,318,14,1263.813,0.001263813,8.41,1.850000
50400,201,418.08,402,14,1597.651,0.001597651,8.41,1.790000
50500,201,418.08,402,14,1597.651,0.001597651,8.41,1.790000
50600,201,418.08,402,14,1597.651,0.001597651,8.41,1.730000
50700,221,459.68,442,14,1756.621,0.001756621,8.41,1.790000
50800,221,459.68,442,14,1756.621,0.001756621,8.41,1.730000
50900,241,501.28,482,14,1915.591,0.001915591,8.41,1.730000
51000,241,501.28,482,14,1915.591,0.001915591,8.41,1.850000
51100,241,501.28,482,14,1915.591,0.001915591,8.41,1.730000
51200,254,528.32,508,14,2018.922,0.002018922,8.41,1.850000
51300,254,528.32,508,14,2018.922,0.002018922,8.41,1.850000
51400,269,559.52,538,14,2138.15,0.00213815,8.41,1.850000
51500,269,559.52,538,14,2138.15,0.00213815,8.41,1.850000
51600,278,578.24,556,14,2209.686,0.002209686,8.41,1.850000
51700,278,578.24,556,14,2209.686,0.002209686,8.41,1.660000
51800,278,578.24,556,14,2209.686,0.002209686,8.41,1.730000
51900,289,601.12,578,14,2297.12,0.00229712,8.41,1.730000
52000,289,601.12,578,14,2297.12,0.00229712,8.41,1.790000
52100,295,613.6,590,14,2344.811,0.002344811,8.41,1.790000
52200,295,613.6,590,14,2344.811,0.002344811,8.41,1.790000
52300,304,632.32,608,14,2416.348,0.002416348,8.41,1.850000
52400,304,632.32,608,14,2416.348,0.002416348,8.41,1.790000
52500,309,642.72,618,14,2456.09,0.00245609,8.41,1.850000
52600,309,642.72,618,14,2456.09,0.00245609,8.41,1.850000
52700,317,659.36,634,14,2519.678,0.002519678,8.41,1.850000
52800,317,659.36,634,14,2519.678,0.002519678,8.41,1.790000
52900,323,671.84,646,14,2567.369,0.002567369,8.41,1.850000
53000,323,671.84,646,14,2567.369,0.002567369,8.41,1.790000
53100,328,682.24,656,14,2607.112,0.002607112,8.41,1.790000
53200,329,684.32,658,14,2615.06,0.00261506,8.41,1.790000
53300,329,684.32,658,14,2615.06,0.00261506,8.41,1.850000
53400,330,686.4,660,14,2623.009,0.002623009,8.41,1.850000
53500,330,686.4,660,14,2623.009,0.002623009,8.41,1.850000
53600,330,686.4,660,14,2623.009,0.002623009,8.41,1.850000
53700,330,686.4,660,14,2623.009,0.002623009,8.41,1.850000
53800,333,692.64,666,14,2646.855,0.002646855,8.41,1.850000
53900,333,692.64,666,14,2646.855,0.002646855,8.41,1.790000
54000,332,690.56,664,14,2638.906,0.002638906,8.41,1.850000
54100,332,690.56,664,14,2638.906,0.002638906,8.41,1.790000
54200,332,690.56,664,14,2638.906,0.002638906,8.41,1.790000
54300,332,690.56,664,14,2638.906,0.002638906,8.41,1.730000
54400,329,684.32,658,14,2615.06,0.00261506,8.41,1.730000
54500,329,684.32,658,14,2615.06,0.00261506,8.41,1.790000
54600,326,678.08,652,14,2591.215,0.002591215,8.41,1.730000
54700,326,678.08,652,14,2591.215,0.002591215,8.41,1.850000
54800,321,667.68,642,14,2551.472,0.002551472,8.41,1.660000
54900,321,667.68,642,14,2551.472,0.002551472,8.41,1.790000
55000,320,665.6,640,14,2543.524,0.002543524,8.41,1.730000
55100,320,665.6,640,14,2543.524,0.002543524,8.41,1.850000
55200,315,655.2,630,14,2503.781,0.002503781,8.41,1.790000
55300,315,655.2,630,14,2503.781,0.002503781,8.41,1.850000
55400,313,651.04,626,14,2487.884,0.002487884,8.41,1.850000
55500,313,651.04,626,14,2487.884,0.002487884,8.41,1.730000
55600,306,636.48,612,14,2432.245,0.002432245,8.41,1.730000
55700,306,636.48,612,14,2432.245,0.002432245,8.41,1.660000
55800,305,634.4,610,14,2424.296,0.002424296,8.41,1.790000
55900,305,634.4,610,14,2424.296,0.002424296,8.41,1.790000
56000,299,621.92,598,14,2376.605,0.002376605,8.41,1.730000
56100,299,621.92,598,14,2376.605,0.002376605,8.41,1.730000
56200,298,619.84,596,14,2368.657,0.002368657,8.41,1.790000
56300,298,619.84,596,14,2368.657,0.002368657,8.41,1.850000
56400,296,615.68,592,14,2352.76,0.00235276,8.41,1.850000
56500,296,615.68,592,14,2352.76,0.00235276,8.41,1.730000
56600,296,615.68,592,14,2352.76,0.00235276,8.41,1.790000
56700,296,615.68,592,14,2352.76,0.00235276,8.41,1.660000
56800,290,603.2,580,14,2305.069,0.002305069,8.41,1.790000
56900,290,603.2,580,14,2305.069,0.002305069,8.41,1.660000
57000,286,594.88,572,14,2273.274,0.002273274,8.41,1.730000
57100,286,594.88,572,14,2273.274,0.002273274,8.41,1.730000
57200,286,594.88,572,14,2273.274,0.002273274,8.41,1.730000
57300,282,586.56,564,14,2241.48,0.00224148,8.41,1.790000
57400,282,586.56,564,14,2241.48,0.00224148,8.41,1.730000
57500,280,582.4,560,14,2225.583,0.002225583,8.41,1.790000
57600,280,582.4,560,14,2225.583,0.002225583,8.41,1.660000
57700,277,576.16,554,14,2201.738,0.002201738,8.41,1.790000
57800,277,576.16,554,14,2201.738,0.002201738,8.41,1.790000
57900,277,576.16,554,14,2201.738,0.002201738,8.41,1.790000
58000,277,576.16,554,14,2201.738,0.002201738,8.41,1.850000
58100,277,576.16,554,14,2201.738,0.002201738,8.41,1.660000
58200,275,572,550,14,2185.841,0.002185841,8.41,1.850000
58300,275,572,550,14,2185.841,0.002185841,8.41,1.730000
58400,272,565.76,544,14,2161.995,0.002161995,8.41,1.730000
58500,272,565.76,544,14,2161.995,0.002161995,8.41,1.850000
58600,269,559.52,538,14,2138.15,0.00213815,8.41,1.730000
58700,269,559.52,538,14,2138.15,0.00213815,8.41,1.790000
58800,273,567.84,546,17,2169.944,0.002169944,8.41,2.280000
58900,273,567.84,546,17,2169.944,0.002169944,8.41,2.530000
59000,321,667.68,642,17,2551.472,0.002551472,8.39,2.470000
59100,321,667.68,642,17,2551.472,0.002551472,8.39,2.590000
59200,381,792.48,762,17,3028.383,0.003028383,8.41,2.590000
59300,429,892.32,858,17,3409.912,0.003409912,8.41,2.410000
59400,429,892.32,858,17,3409.912,0.003409912,8.41,2.340000
59500,463,963.04,926,17,3680.161,0.003680161,8.41,2.410000
59600,495,1029.6,990,17,3934.514,0.003934514,8.41,2.410000
59700,519,1079.52,1038,17,4125.278,0.004125278,8.41,2.530000
59800,544,1131.52,1088,17,4323.991,0.004323991,8.41,2.470000
59900,544,1131.52,1088,17,4323.991,0.004323991,8.39,2.590000
60000,564,1173.12,1128,17,4482.961,0.004482961,8.41,2.410000
60100,585,1216.8,1170,17,4649.88,0.00464988,8.39,2.340000
60200,599,1245.92,1198,17,4761.159,0.004761159,8.39,2.590000
60300,617,1283.36,1234,17,4904.232,0.004904232,8.41,2.470000
60400,629,1308.32,1258,17,4999.614,0.004999614,8.41,2.410000
60500,644,1339.52,1288,17,5118.842,0.005118842,8.41,2.340000
60600,665,1383.2,1330,17,5285.761,0.005285761,8.39,2.590000
60700,673,1399.84,1346,17,5349.349,0.005349349,8.41,2.340000
60800,684,1422.72,1368,17,5436.782,0.005436782,8.41,2.340000
60900,689,1433.12,1378,17,5476.525,0.005476525,8.41,2.410000
61000,699,1453.92,1398,17,5556.01,0.00555601,8.41,2.410000
61100,704,1464.32,1408,17,5595.753,0.005595753,8.39,2.530000
61200,713,1483.04,1426,17,5667.289,0.005667289,8.41,2.530000
61300,717,1491.36,1434,17,5699.083,0.005699083,8.41,2.410000
61400,728,1514.24,1456,17,5786.517,0.005786517,8.41,2.340000
61500,736,1530.88,1472,17,5850.105,0.005850105,8.41,2.530000
61600,738,1535.04,1476,17,5866.002,0.005866002,8.41,2.530000
61700,745,1549.6,1490,17,5921.642,0.005921642,8.41,2.410000
61800,745,1549.6,1490,17,5921.642,0.005921642,8.41,2.470000
61900,751,1562.08,1502,17,5969.333,0.005969333,8.39,2.410000
62000,756,1572.48,1512,17,6009.075,0.006009075,8.41,2.340000
62100,756,1572.48,1512,17,6009.075,0.006009075,8.39,2.410000
62200,762,1584.96,1524,17,6056.766,0.006056766,8.39,2.530000
62300,762,1584.96,1524,17,6056.766,0.006056766,8.41,2.340000
62400,766,1593.28,1532,17,6088.56,0.00608856,8.41,2.340000
62500,771,1603.68,1542,17,6128.303,0.006128303,8.41,2.470000
62600,770,1601.6,1540,17,6120.354,0.006120354,8.39,2.530000
62700,774,1609.92,1548,17,6152.148,0.006152148,8.39,2.530000
62800,779,1620.32,1558,17,6191.891,0.006191891,8.39,2.590000
62900,778,1618.24,1556,17,6183.942,0.006183942,8.41,2.340000
63000,782,1626.56,1564,17,6215.737,0.006215737,8.39,2.410000
63100,781,1624.48,1562,17,6207.788,0.006207788,8.41,2.530000
63200,785,1632.8,1570,17,6239.582,0.006239582,8.39,2.530000
63300,788,1639.04,1576,17,6263.428,0.006263428,8.41,2.410000
63400,786,1634.88,1572,17,6247.531,0.006247531,8.41,2.470000
63500,789,1641.12,1578,17,6271.376,0.006271376,8.39,2.530000
63600,790,1643.2,1580,17,6279.325,0.006279325,8.41,2.410000
63700,787,1636.96,1574,17,6255.479,0.006255479,8.39,2.470000
63800,791,1645.28,1582,17,6287.273,0.006287273,8.41,2.340000
63900,789,1641.12,1578,17,6271.376,0.006271376,8.41,2.280000
64000,791,1645.28,1582,17,6287.273,0.006287273,8.39,2.470000
64100,794,1651.52,1588,17,6311.119,0.006311119,8.41,2.340000
64200,794,1651.52,1588,17,6311.119,0.006311119,8.39,2.470000
64300,792,1647.36,1584,17,6295.222,0.006295222,8.41,2.340000
64400,796,1655.68,1592,17,6327.016,0.006327016,8.39,2.470000
64500,796,1655.68,1592,17,6327.016,0.006327016,8.39,2.470000
64600,800,1664,1600,17,6358.81,0.00635881,8.39,2.530000
64700,803,1670.24,1606,17,6382.655,0.006382655,8.41,2.410000
64800,801,1666.08,1602,17,6366.758,0.006366758,8.41,2.280000
64900,803,1670.24,1606,17,6382.655,0.006382655,8.41,2.470000
65000,802,1668.16,1604,17,6374.707,0.006374707,8.39,2.410000
65100,799,1661.92,1598,17,6350.861,0.006350861,8.41,2.410000
65200,802,1668.16,1604,17,6374.707,0.006374707,8.39,2.530000
65300,798,1659.84,1596,17,6342.913,0.006342913,8.41,2.280000
65400,797,1657.76,1594,17,6334.964,0.006334964,8.39,2.410000
65500,797,1657.76,1594,17,6334.964,0.006334964,8.41,2.340000
65600,793,1649.44,1586,17,6303.17,0.00630317,8.41,2.280000
65700,795,1653.6,1590,17,6319.067,0.006319067,8.39,2.410000
65800,788,1639.04,1576,17,6263.428,0.006263428,8.41,2.220000
65900,784,1630.72,1568,17,6231.634,0.006231634,8.41,2.410000
66000,786,1634.88,1572,17,6247.531,0.006247531,8.41,2.410000
66100,787,1636.96,1574,17,6255.479,0.006255479,8.41,2.530000
66200,784,1630.72,1568,17,6231.634,0.006231634,8.41,2.530000
66300,786,1634.88,1572,17,6247.531,0.006247531,8.39,2.410000
66400,783,1628.64,1566,17,6223.685,0.006223685,8.41,2.470000
66500,781,1624.48,1562,17,6207.788,0.006207788,8.41,2.220000
66600,782,1626.56,1564,17,6215.737,0.006215737,8.41,2.340000
66700,779,1620.32,1558,17,6191.891,0.006191891,8.41,2.410000
66800,783,1628.64,1566,17,6223.685,0.006223685,8.41,2.470000
66900,784,1630.72,1568,17,6231.634,0.006231634,8.39,2.530000
67000,782,1626.56,1564,17,6215.737,0.006215737,8.41,2.340000
67100,784,1630.72,1568,17,6231.634,0.006231634,8.41,2.410000
67200,781,1624.48,1562,17,6207.788,0.006207788,8.39,2.470000
67300,781,1624.48,1562,17,6207.788,0.006207788,8.41,2.340000
67400,784,1630.72,1568,17,6231.634,0.006231634,8.39,2.530000
67500,781,1624.48,1562,17,6207.788,0.006207788,8.41,2.410000
67600,783,1628.64,1566,17,6223.685,0.006223685,8.41,2.410000
67700,783,1628.64,1566,17,6223.685,0.006223685,8.41,2.340000
67800,781,1624.48,1562,17,6207.788,0.006207788,8.41,2.410000
67900,786,1634.88,1572,17,6247.531,0.006247531,8.39,2.530000
68000,785,1632.8,1570,17,6239.582,0.006239582,8.41,2.470000
68100,789,1641.12,1578,17,6271.376,0.006271376,8.41,2.410000
68200,792,1647.36,1584,17,6295.222,0.006295222,8.41,2.410000
68300,789,1641.12,1578,17,6271.376,0.006271376,8.39,2.280000
68400,792,1647.36,1584,17,6295.222,0.006295222,8.39,2.470000
68500,792,1647.36,1584,17,6295.222,0.006295222,8.41,2.340000
68600,789,1641.12,1578,17,6271.376,0.006271376,8.41,2.410000
68700,793,1649.44,1586,19.5,6303.17,0.00630317,8.41,2.340000
68800,810,1684.8,1620,19.5,6438.295,0.006438295,8.39,3.460000
68900,828,1722.24,1656,19.5,6581.368,0.006581368,8.39,3.270000
69000,849,1765.92,1698,19.5,6748.287,0.006748287,8.39,3.400000
69100,884,1838.72,1768,19.5,7026.485,0.007026485,8.39,3.270000
69200,897,1865.76,1794,19.5,7129.815,0.007129815,8.39,3.460000
69300,931,1936.48,1862,19.5,7400.065,0.007400065,8.39,3.330000
69400,949,1973.92,1898,19.5,7543.138,0.007543138,8.39,3.330000
69500,973,2023.84,1946,19.5,7733.902,0.007733902,8.39,3.150000
69600,980,2038.4,1960,19.5,7789.542,0.007789542,8.39,3.210000
69700,1000,2080,2000,19.5,7948.512,0.007948512,8.39,3.270000
69800,1017,2115.36,2034,19.5,8083.637,0.008083637,8.39,3.090000
69900,1029,2140.32,2058,19.5,8179.019,0.008179019,8.39,3.330000
70000,1045,2173.6,2090,19.5,8306.195,0.008306195,8.39,3.330000
70100,1058,2200.64,2116,19.5,8409.526,0.008409526,8.39,3.210000
70200,1059,2202.72,2118,19.5,8417.474,0.008417474,8.39,3.150000
70300,1070,2225.6,2140,19.5,8504.908,0.008504908,8.39,3.270000
70400,1080,2246.4,2160,19.5,8584.393,0.008584393,8.39,3.270000
70500,1089,2265.12,2178,19.5,8655.93,0.00865593,8.39,3.150000
70600,1097,2281.76,2194,19.5,8719.518,0.008719518,8.39,3.330000
70700,1104,2296.32,2208,19.5,8775.157,0.008775157,8.39,3.400000
70800,1111,2310.88,2222,19.5,8830.797,0.008830797,8.39,3.270000
70900,1117,2323.36,2234,19.5,8878.488,0.008878488,8.39,3.210000
71000,1115,2319.2,2230,19.5,8862.591,0.008862591,8.39,3.270000
71100,1122,2333.76,2244,19.5,8918.231,0.008918231,8.39,3.090000
71200,1128,2346.24,2256,19.5,8965.922,0.008965922,8.39,3.020000
71300,1135,2360.8,2270,19.5,9021.561,0.009021561,8.39,3.150000
71400,1141,2373.28,2282,19.5,9069.252,0.009069252,8.39,3.270000
71500,1148,2387.84,2296,19.5,9124.892,0.009124892,8.39,3.270000
71600,1152,2396.16,2304,19.5,9156.686,0.009156686,8.39,3.150000
71700,1155,2402.4,2310,19.5,9180.532,0.009180532,8.39,3.270000
71800,1158,2408.64,2316,19.5,9204.377,0.009204377,8.39,3.330000
71900,1160,2412.8,2320,19.5,9220.274,0.009220274,8.39,3.150000
72000,1164,2421.12,2328,19.5,9252.068,0.009252068,8.39,3.210000
72100,1168,2429.44,2336,19.5,9283.862,0.009283862,8.39,3.210000
72200,1165,2423.2,2330,19.5,9260.017,0.009260017,8.39,3.270000
72300,1168,2429.44,2336,19.5,9283.862,0.009283862,8.39,3.210000
72400,1172,2437.76,2344,19.5,9315.656,0.009315656,8.39,3.270000
72500,1176,2446.08,2352,19.5,9347.45,0.00934745,8.39,3.150000
72600,1179,2452.32,2358,19.5,9371.296,0.009371296,8.39,3.210000
72700,1184,2462.72,2368,19.5,9411.038,0.009411038,8.39,3.270000
72800,1187,2468.96,2374,19.5,9434.884,0.009434884,8.39,3.210000
72900,1192,2479.36,2384,19.5,9474.626,0.009474626,8.39,3.270000
73000,1195,2485.6,2390,19.5,9498.472,0.009498472,8.39,3.270000
73100,1201,2498.08,2402,19.5,9546.163,0.009546163,8.39,3.210000
73200,1206,2508.48,2412,19.5,9585.906,0.009585906,8.39,3.400000
73300,1213,2523.04,2426,19.5,9641.545,0.009641545,8.39,3.330000
73400,1217,2531.36,2434,19.5,9673.339,0.009673339,8.39,3.400000
73500,1219,2535.52,2438,19.5,9689.236,0.009689236,8.39,3.330000
73600,1221,2539.68,2442,19.5,9705.133,0.009705133,8.39,3.330000
73700,1222,2541.76,2444,19.5,9713.082,0.009713082,8.39,3.330000
73800,1224,2545.92,2448,19.5,9728.979,0.009728979,8.39,3.330000
73900,1228,2554.24,2456,19.5,9760.773,0.009760773,8.39,3.330000
74000,1231,2560.48,2462,19.5,9784.618,0.009784618,8.39,3.400000
74100,1235,2568.8,2470,19.5,9816.413,0.009816413,8.39,3.330000
74200,1237,2572.96,2474,19.5,9832.31,0.00983231,8.39,3.330000
74300,1240,2579.2,2480,19.5,9856.155,0.009856155,8.39,3.270000
74400,1243,2585.44,2486,19.5,9880.001,0.009880001,8.39,3.270000
74500,1242,2583.36,2484,19.5,9872.052,0.009872052,8.39,3.210000
74600,1244,2587.52,2488,19.5,9887.949,0.009887949,8.39,3.400000
74700,1247,2593.76,2494,19.5,9911.795,0.009911795,8.39,3.330000
74800,1248,2595.84,2496,19.5,9919.743,0.009919743,8.39,3.150000
74900,1248,2595.84,2496,19.5,9919.743,0.009919743,8.39,3.330000
75000,1248,2595.84,2496,19.5,9919.743,0.009919743,8.39,3.330000
75100,1248,2595.84,2496,19.5,9919.743,0.009919743,8.39,3.330000
75200,1250,2600,2500,19.5,9935.64,0.00993564,8.39,3.270000
75300,1250,2600,2500,19.5,9935.64,0.00993564,8.39,3.270000
75400,1252,2604.16,2504,19.5,9951.537,0.009951537,8.39,3.330000
75500,1252,2604.16,2504,19.5,9951.537,0.009951537,8.39,3.330000
75600,1252,2604.16,2504,19.5,9951.537,0.009951537,8.39,3.210000
75700,1253,2606.24,2506,19.5,9959.486,0.009959486,8.39,3.270000
75800,1254,2608.32,2508,19.5,9967.434,0.009967434,8.39,3.330000
75900,1256,2612.48,2512,19.5,9983.331,0.009983331,8.39,3.210000
76000,1257,2614.56,2514,19.5,9991.28,0.00999128,8.39,3.270000
76100,1257,2614.56,2514,19.5,9991.28,0.00999128,8.39,3.210000
76200,1256,2612.48,2512,19.5,9983.331,0.009983331,8.39,3.270000
76300,1254,2608.32,2508,19.5,9967.434,0.009967434,8.39,3.330000
76400,1254,2608.32,2508,19.5,9967.434,0.009967434,8.39,3.150000
76500,1253,2606.24,2506,19.5,9959.486,0.009959486,8.39,3.150000
76600,1252,2604.16,2504,19.5,9951.537,0.009951537,8.39,3.020000
76700,1250,2600,2500,19.5,9935.64,0.00993564,8.39,3.400000
76800,1253,2606.24,2506,19.5,9959.486,0.009959486,8.39,3.330000
76900,1255,2610.4,2510,19.5,9975.383,0.009975383,8.39,3.270000
77000,1256,2612.48,2512,19.5,9983.331,0.009983331,8.39,3.330000
77100,1257,2614.56,2514,19.5,9991.28,0.00999128,8.39,3.400000
77200,1259,2618.72,2518,19.5,10007.177,0.010007177,8.39,3.270000
77300,1260,2620.8,2520,19.5,10015.125,0.010015125,8.39,3.330000
77400,1261,2622.88,2522,19.5,10023.074,0.010023074,8.39,3.270000
77500,1262,2624.96,2524,19.5,10031.022,0.010031022,8.39,3.400000
77600,1264,2629.12,2528,19.5,10046.919,0.010046919,8.39,3.270000
77700,1265,2631.2,2530,19.5,10054.868,0.010054868,8.39,3.270000
77800,1264,2629.12,2528,19.5,10046.919,0.010046919,8.39,3.270000
77900,1263,2627.04,2526,19.5,10038.971,0.010038971,8.39,3.210000
78000,1261,2622.88,2522,19.5,10023.074,0.010023074,8.39,3.090000
78100,1260,2620.8,2520,19.5,10015.125,0.010015125,8.39,3.210000
78200,1260,2620.8,2520,19.5,10015.125,0.010015125,8.39,3.210000
78300,1258,2616.64,2516,19.5,9999.228,0.009999228,8.39,3.330000
78400,1258,2616.64,2516,19.5,9999.228,0.009999228,8.39,3.400000
78500,1259,2618.72,2518,19.5,10007.177,0.010007177,8.39,3.270000
78600,1259,2618.72,2518,19.5,10007.177,0.010007177,8.39,3.330000
78700,1260,2620.8,2520,22.5,10015.125,0.010015125,8.39,3.400000
78800,1283,2668.64,2566,22.5,10197.941,0.010197941,8.39,4.450000
78900,1311,2726.88,2622,22.5,10420.499,0.010420499,8.39,4.320000
79000,1336,2778.88,2672,22.5,10619.212,0.010619212,8.39,4.320000
79100,1360,2828.8,2720,22.5,10809.977,0.010809977,8.39,4.450000
79200,1381,2872.48,2762,22.5,10976.895,0.010976895,8.39,4.260000
79300,1401,2914.08,2802,22.5,11135.866,0.011135866,8.39,4.320000
79400,1433,2980.64,2866,22.5,11390.218,0.011390218,8.39,4.320000
79500,1450,3016,2900,22.5,11525.343,0.011525343,8.39,4.260000
79600,1465,3047.2,2930,22.5,11644.57,0.01164457,8.39,4.380000
79700,1483,3084.64,2966,22.5,11787.644,0.011787644,8.39,4.510000
79800,1495,3109.6,2990,22.5,11883.026,0.011883026,8.39,4.260000
79900,1519,3159.52,3038,22.5,12073.79,0.01207379,8.39,4.200000
80000,1529,3180.32,3058,22.5,12153.275,0.012153275,8.39,4.320000
80100,1540,3203.2,3080,22.5,12240.709,0.012240709,8.39,4.320000
80200,1548,3219.84,3096,22.5,12304.297,0.012304297,8.39,4.260000
80300,1558,3240.64,3116,22.5,12383.782,0.012383782,8.39,4.320000
80400,1578,3282.24,3156,22.5,12542.752,0.012542752,8.39,4.320000
80500,1586,3298.88,3172,22.5,12606.34,0.01260634,8.39,4.380000
80600,1593,3313.44,3186,22.5,12661.98,0.01266198,8.39,4.320000
80700,1609,3346.72,3218,22.5,12789.156,0.012789156,8.39,4.320000
80800,1617,3363.36,3234,22.5,12852.744,0.012852744,8.39,4.380000
80900,1621,3371.68,3242,22.5,12884.538,0.012884538,8.39,4.320000
81000,1627,3384.16,3254,22.5,12932.229,0.012932229,8.39,4.260000
81100,1641,3413.28,3282,22.5,13043.508,0.013043508,8.39,4.260000
81200,1639,3409.12,3278,22.5,13027.611,0.013027611,8.39,4.200000
81300,1644,3419.52,3288,22.5,13067.354,0.013067354,8.39,4.200000
81400,1657,3446.56,3314,22.5,13170.685,0.013170685,8.39,4.320000
81500,1655,3442.4,3310,22.5,13154.788,0.013154788,8.39,4.260000
81600,1659,3450.72,3318,22.5,13186.582,0.013186582,8.39,4.260000
81700,1670,3473.6,3340,22.5,13274.015,0.013274015,8.39,4.200000
81800,1667,3467.36,3334,22.5,13250.17,0.01325017,8.39,4.200000
81900,1669,3471.52,3338,22.5,13266.067,0.013266067,8.39,4.200000
82000,1678,3490.24,3356,22.5,13337.603,0.013337603,8.39,4.200000
82100,1674,3481.92,3348,22.5,13305.809,0.013305809,8.39,4.320000
82200,1675,3484,3350,22.5,13313.758,0.013313758,8.39,4.320000
82300,1685,3504.8,3370,22.5,13393.243,0.013393243,8.39,4.260000
82400,1680,3494.4,3360,22.5,13353.5,0.0133535,8.39,4.260000
82500,1687,3508.96,3374,22.5,13409.14,0.01340914,8.39,4.260000
82600,1688,3511.04,3376,22.5,13417.089,0.013417089,8.39,4.320000
82700,1682,3498.56,3364,22.5,13369.397,0.013369397,8.39,4.140000
82800,1689,3513.12,3378,22.5,13425.037,0.013425037,8.39,4.200000
82900,1690,3515.2,3380,22.5,13432.986,0.013432986,8.39,4.200000
83000,1683,3500.64,3366,22.5,13377.346,0.013377346,8.39,4.320000
83100,1691,3517.28,3382,22.5,13440.934,0.013440934,8.39,4.260000
83200,1692,3519.36,3384,22.5,13448.883,0.013448883,8.39,4.260000
83300,1687,3508.96,3374,22.5,13409.14,0.01340914,8.39,4.200000
83400,1695,3525.6,3390,22.5,13472.728,0.013472728,8.39,4.320000
83500,1692,3519.36,3384,22.5,13448.883,0.013448883,8.39,4.380000
83600,1693,3521.44,3386,22.5,13456.831,0.013456831,8.39,4.260000
83700,1701,3538.08,3402,22.5,13520.419,0.013520419,8.39,4.200000
83800,1696,3527.68,3392,22.5,13480.677,0.013480677,8.39,4.260000
83900,1694,3523.52,3388,22.5,13464.78,0.01346478,8.39,4.140000
84000,1704,3544.32,3408,22.5,13544.265,0.013544265,8.39,4.260000
84100,1699,3533.92,3398,22.5,13504.522,0.013504522,8.39,4.260000
84200,1709,3554.72,3418,22.5,13584.007,0.013584007,8.39,4.200000
84300,1710,3556.8,3420,22.5,13591.956,0.013591956,8.39,4.320000
84400,1705,3546.4,3410,22.5,13552.213,0.013552213,8.39,4.320000
84500,1712,3560.96,3424,22.5,13607.853,0.013607853,8.39,4.260000
84600,1705,3546.4,3410,22.5,13552.213,0.013552213,8.39,4.320000
84700,1706,3548.48,3412,22.5,13560.162,0.013560162,8.39,4.200000
84800,1712,3560.96,3424,22.5,13607.853,0.013607853,8.39,4.320000
84900,1707,3550.56,3414,22.5,13568.11,0.01356811,8.39,4.320000
85000,1712,3560.96,3424,22.5,13607.853,0.013607853,8.39,4.260000
85100,1710,3556.8,3420,22.5,13591.956,0.013591956,8.39,4.320000
85200,1702,3540.16,3404,22.5,13528.368,0.013528368,8.39,4.200000
85300,1707,3550.56,3414,22.5,13568.11,0.01356811,8.39,4.200000
85400,1698,3531.84,3396,22.5,13496.574,0.013496574,8.39,4.200000
85500,1696,3527.68,3392,22.5,13480.677,0.013480677,8.39,4.200000
85600,1699,3533.92,3398,22.5,13504.522,0.013504522,8.39,4.320000
85700,1690,3515.2,3380,22.5,13432.986,0.013432986,8.39,4.200000
85800,1690,3515.2,3380,22.5,13432.986,0.013432986,8.39,4.200000
85900,1695,3525.6,3390,22.5,13472.728,0.013472728,8.39,4.260000
86000,1685,3504.8,3370,22.5,13393.243,0.013393243,8.39,4.320000
86100,1687,3508.96,3374,22.5,13409.14,0.01340914,8.39,4.010000
86200,1684,3502.72,3368,22.5,13385.294,0.013385294,8.39,4.200000
86300,1676,3486.08,3352,22.5,13321.706,0.013321706,8.39,4.200000
86400,1682,3498.56,3364,22.5,13369.397,0.013369397,8.39,4.140000
86500,1679,3492.32,3358,22.5,13345.552,0.013345552,8.39,4.200000
86600,1671,3475.68,3342,22.5,13281.964,0.013281964,8.39,4.260000
86700,1678,3490.24,3356,22.5,13337.603,0.013337603,8.39,3.950000
86800,1676,3486.08,3352,22.5,13321.706,0.013321706,8.39,3.950000
86900,1669,3471.52,3338,22.5,13266.067,0.013266067,8.39,4.080000
87000,1676,3486.08,3352,22.5,13321.706,0.013321706,8.39,4.140000
87100,1676,3486.08,3352,22.5,13321.706,0.013321706,8.39,4.080000
87200,1668,3469.44,3336,22.5,13258.118,0.013258118,8.39,4.140000
87300,1673,3479.84,3346,22.5,13297.861,0.013297861,8.39,4.320000
87400,1673,3479.84,3346,22.5,13297.861,0.013297861,8.39,4.260000
87500,1666,3465.28,3332,22.5,13242.221,0.013242221,8.39,4.080000
87600,1673,3479.84,3346,22.5,13297.861,0.013297861,8.39,4.080000
87700,1673,3479.84,3346,22.5,13297.861,0.013297861,8.39,4.010000
87800,1665,3463.2,3330,22.5,13234.273,0.013234273,8.39,4.140000
87900,1671,3475.68,3342,22.5,13281.964,0.013281964,8.39,4.260000
88000,1672,3477.76,3344,22.5,13289.912,0.013289912,8.39,4.140000
88100,1665,3463.2,3330,22.5,13234.273,0.013234273,8.39,4.140000
88200,1673,3479.84,3346,22.5,13297.861,0.013297861,8.39,4.140000
88300,1673,3479.84,3346,22.5,13297.861,0.013297861,8.39,4.140000
88400,1668,3469.44,3336,22.5,13258.118,0.013258118,8.39,3.950000
88500,1675,3484,3350,22.5,13313.758,0.013313758,8.39,4.260000
88600,1669,3471.52,3338,22.5,13266.067,0.013266067,8.39,4.260000
88700,1671,3475.68,3342,25.5,13281.964,0.013281964,8.39,4.200000
88800,1696,3527.68,3392,25.5,13480.677,0.013480677,8.39,5.310000
88900,1718,3573.44,3436,25.5,13655.544,0.013655544,8.39,5.370000
89000,1735,3608.8,3470,25.5,13790.669,0.013790669,8.39,5.370000
89100,1767,3675.36,3534,25.5,14045.021,0.014045021,8.39,5.130000
89200,1783,3708.64,3566,25.5,14172.197,0.014172197,8.39,5.190000
89300,1812,3768.96,3624,25.5,14402.704,0.014402704,8.39,5.130000
89400,1822,3789.76,3644,25.5,14482.189,0.014482189,8.39,5.190000
89500,1848,3843.84,3696,25.5,14688.85,0.01468885,8.39,5.250000
89600,1856,3860.48,3712,25.5,14752.439,0.014752439,8.39,5.250000
89700,1876,3902.08,3752,25.5,14911.409,0.014911409,8.37,5.190000
89800,1882,3914.56,3764,25.5,14959.1,0.0149591,8.37,5.250000
89900,1900,3952,3800,25.5,15102.173,0.015102173,8.39,5.130000
90000,1903,3958.24,3806,25.5,15126.019,0.015126019,8.39,5.130000
90100,1920,3993.6,3840,25.5,15261.143,0.015261143,8.39,5.190000
90200,1922,3997.76,3844,25.5,15277.04,0.01527704,8.39,5.250000
90300,1937,4028.96,3874,25.5,15396.268,0.015396268,8.39,5.000000
90400,1935,4024.8,3870,25.5,15380.371,0.015380371,8.39,5.130000
90500,1951,4058.08,3902,25.5,15507.547,0.015507547,8.39,5.250000
90600,1960,4076.8,3920,25.5,15579.084,0.015579084,8.39,5.130000
90700,1957,4070.56,3914,25.5,15555.238,0.015555238,8.39,5.130000
90800,1970,4097.6,3940,25.5,15658.569,0.015658569,8.39,5.190000
90900,1968,4093.44,3936,25.5,15642.672,0.015642672,8.39,5.250000
91000,1983,4124.64,3966,25.5,15761.9,0.0157619,8.39,5.250000
91100,1979,4116.32,3958,25.5,15730.106,0.015730106,8.39,5.250000
91200,1988,4135.04,3976,25.5,15801.642,0.015801642,8.39,5.190000
91300,2001,4162.08,4002,25.5,15904.973,0.015904973,8.39,5.190000
91400,1996,4151.68,3992,25.5,15865.23,0.01586523,8.39,5.000000
91500,2009,4178.72,4018,25.5,15968.561,0.015968561,8.39,5.000000
91600,2004,4168.32,4008,25.5,15928.818,0.015928818,8.39,5.190000
91700,2010,4180.8,4020,25.5,15976.509,0.015976509,8.39,5.190000
91800,2024,4209.92,4048,25.5,16087.789,0.016087789,8.39,5.250000
91900,2021,4203.68,4042,25.5,16063.943,0.016063943,8.37,5.250000
92000,2033,4228.64,4066,25.5,16159.325,0.016159325,8.39,5.250000
92100,2038,4239.04,4076,25.5,16199.068,0.016199068,8.39,5.190000
92200,2034,4230.72,4068,25.5,16167.274,0.016167274,8.39,5.250000
92300,2048,4259.84,4096,25.5,16278.553,0.016278553,8.39,5.250000
92400,2055,4274.4,4110,25.5,16334.192,0.016334192,8.39,5.250000
92500,2051,4266.08,4102,25.5,16302.398,0.016302398,8.39,5.190000
92600,2065,4295.2,4130,25.5,16413.678,0.016413678,8.39,5.190000
92700,2059,4282.72,4118,25.5,16365.987,0.016365987,8.39,5.130000
92800,2064,4293.12,4128,25.5,16405.729,0.016405729,8.39,5.000000
92900,2076,4318.08,4152,25.5,16501.111,0.016501111,8.39,5.130000
93000,2069,4303.52,4138,25.5,16445.472,0.016445472,8.39,5.190000
93100,2071,4307.68,4142,25.5,16461.369,0.016461369,8.39,5.310000
93200,2084,4334.72,4168,25.5,16564.699,0.016564699,8.39,5.250000
93300,2079,4324.32,4158,25.5,16524.957,0.016524957,8.39,5.190000
93400,2082,4330.56,4164,25.5,16548.802,0.016548802,8.39,5.130000
93500,2094,4355.52,4188,25.5,16644.184,0.016644184,8.39,5.000000
93600,2085,4336.8,4170,25.5,16572.648,0.016572648,8.39,5.060000
93700,2085,4336.8,4170,25.5,16572.648,0.016572648,8.39,5.000000
93800,2094,4355.52,4188,25.5,16644.184,0.016644184,8.39,5.130000
93900,2087,4340.96,4174,25.5,16588.545,0.016588545,8.39,5.190000
94000,2089,4345.12,4178,25.5,16604.442,0.016604442,8.39,5.250000
94100,2099,4365.92,4198,25.5,16683.927,0.016683927,8.39,5.250000
94200,2098,4363.84,4196,25.5,16675.979,0.016675979,8.39,5.060000
94300,2091,4349.28,4182,25.5,16620.339,0.016620339,8.39,5.250000
94400,2096,4359.68,4192,25.5,16660.081,0.016660081,8.39,4.880000
94500,2094,4355.52,4188,25.5,16644.184,0.016644184,8.39,5.190000
94600,2083,4332.64,4166,25.5,16556.751,0.016556751,8.39,5.060000
94700,2090,4347.2,4180,25.5,16612.39,0.01661239,8.39,5.130000
94800,2091,4349.28,4182,25.5,16620.339,0.016620339,8.39,5.060000
94900,2082,4330.56,4164,25.5,16548.802,0.016548802,8.39,5.190000
95000,2091,4349.28,4182,25.5,16620.339,0.016620339,8.39,5.130000
95100,2091,4349.28,4182,25.5,16620.339,0.016620339,8.39,5.060000
95200,2081,4328.48,4162,25.5,16540.854,0.016540854,8.39,5.190000
95300,2088,4343.04,4176,25.5,16596.493,0.016596493,8.39,4.880000
95400,2085,4336.8,4170,25.5,16572.648,0.016572648,8.39,5.130000
95500,2074,4313.92,4148,25.5,16485.214,0.016485214,8.39,5.060000
95600,2080,4326.4,4160,25.5,16532.905,0.016532905,8.39,5.060000
95700,2077,4320.16,4154,25.5,16509.06,0.01650906,8.39,4.880000
95800,2066,4297.28,4132,25.5,16421.626,0.016421626,8.39,4.940000
95900,2073,4311.84,4146,25.5,16477.266,0.016477266,8.39,4.880000
96000,2070,4305.6,4140,25.5,16453.42,0.01645342,8.39,4.940000
96100,2059,4282.72,4118,25.5,16365.987,0.016365987,8.39,4.820000
96200,2066,4297.28,4132,25.5,16421.626,0.016421626,8.39,5.060000
96300,2066,4297.28,4132,25.5,16421.626,0.016421626,8.39,5.130000
96400,2057,4278.56,4114,25.5,16350.09,0.01635009,8.39,5.130000
96500,2067,4299.36,4134,25.5,16429.575,0.016429575,8.39,5.310000
96600,2059,4282.72,4118,25.5,16365.987,0.016365987,8.39,5.190000
96700,2061,4286.88,4122,25.5,16381.884,0.016381884,8.39,4.940000
96800,2067,4299.36,4134,25.5,16429.575,0.016429575,8.39,5.060000
96900,2058,4280.64,4116,25.5,16358.038,0.016358038,8.39,5.130000
97000,2058,4280.64,4116,25.5,16358.038,0.016358038,8.39,5.310000
97100,2066,4297.28,4132,25.5,16421.626,0.016421626,8.39,5.190000
97200,2058,4280.64,4116,25.5,16358.038,0.016358038,8.39,5.310000
97300,2060,4284.8,4120,25.5,16373.935,0.016373935,8.39,5.130000
97400,2070,4305.6,4140,25.5,16453.42,0.01645342,8.39,5.000000
97500,2057,4278.56,4114,25.5,16350.09,0.01635009,8.39,5.000000
97600,2054,4272.32,4108,25.5,16326.244,0.016326244,8.39,5.130000
97700,2054,4272.32,4108,25.5,16326.244,0.016326244,8.39,5.060000
97800,2051,4266.08,4102,25.5,16302.398,0.016302398,8.39,4.760000
97900,2058,4280.64,4116,25.5,16358.038,0.016358038,8.39,5.130000
98000,2058,4280.64,4116,25.5,16358.038,0.016358038,8.39,4.760000
98100,2049,4261.92,4098,25.5,16286.501,0.016286501,8.39,5.060000
98200,2058,4280.64,4116,25.5,16358.038,0.016358038,8.39,5.130000
98300,2059,4282.72,4118,25.5,16365.987,0.016365987,8.39,5.310000
98400,2049,4261.92,4098,25.5,16286.501,0.016286501,8.39,5.000000
98500,2059,4282.72,4118,25.5,16365.987,0.016365987,8.39,5.060000
98600,2051,4266.08,4102,25.5,16302.398,0.016302398,8.39,5.190000
98700,2046,4255.68,4092,25.5,16262.656,0.016262656,8.39,5.130000
98800,2076,4318.08,4152,25.5,16501.111,0.016501111,8.37,6.420000
98900,2090,4347.2,4180,25.5,16612.39,0.01661239,8.37,6.360000
99000,2119,4407.52,4238,25.5,16842.897,0.016842897,8.37,6.420000
99100,2147,4465.76,4294,25.5,17065.456,0.017065456,8.37,5.930000
99200,2168,4509.44,4336,25.5,17232.374,0.017232374,8.37,6.300000
99300,2174,4521.92,4348,25.5,17280.065,0.017280065,8.37,6.300000
99400,2194,4563.52,4388,25.5,17439.036,0.017439036,8.37,5.990000
99500,2217,4611.36,4434,25.5,17621.851,0.017621851,8.37,5.990000
99600,2232,4642.56,4464,25.5,17741.079,0.017741079,8.37,6.300000
99700,2232,4642.56,4464,25.5,17741.079,0.017741079,8.37,6.180000
99800,2248,4675.84,4496,25.5,17868.255,0.017868255,8.37,6.180000
99900,2260,4700.8,4520,28,17963.637,0.017963637,8.37,6.050000
100000,2281,4744.48,4562,28,18130.556,0.018130556,8.37,6.180000
100100,2293,4769.44,4586,28,18225.938,0.018225938,8.37,6.300000
100200,2302,4788.16,4604,28,18297.475,0.018297475,8.37,6.120000
100300,2301,4786.08,4602,28,18289.526,0.018289526,8.37,6.300000
100400,2313,4811.04,4626,28,18384.909,0.018384909,8.37,6.300000
100500,2324,4833.92,4648,28,18472.342,0.018472342,8.37,6.180000
100600,2332,4850.56,4664,28,18535.93,0.01853593,8.37,6.300000
100700,2349,4885.92,4698,28,18671.055,0.018671055,8.37,5.990000
100800,2358,4904.64,4716,28,18742.592,0.018742592,8.37,5.930000
100900,2363,4915.04,4726,28,18782.334,0.018782334,8.37,6.120000
101000,2369,4927.52,4738,28,18830.025,0.018830025,8.37,6.050000
101100,2362,4912.96,4724,28,18774.386,0.018774386,8.37,6.240000
101200,2366,4921.28,4732,28,18806.18,0.01880618,8.37,6.240000
101300,2371,4931.68,4742,28,18845.922,0.018845922,8.37,6.180000
101400,2372,4933.76,4744,28,18853.871,0.018853871,8.37,6.240000
101500,2374,4937.92,4748,28,18869.768,0.018869768,8.37,6.050000
101600,2387,4964.96,4774,28,18973.099,0.018973099,8.37,6.300000
101700,2388,4967.04,4776,28,18981.047,0.018981047,8.37,5.870000
101800,2391,4973.28,4782,28,19004.893,0.019004893,8.37,6.050000
101900,2394,4979.52,4788,28,19028.738,0.019028738,8.37,5.990000
102000,2397,4985.76,4794,28,19052.584,0.019052584,8.37,6.300000
102100,2400,4992,4800,28,19076.429,0.019076429,8.37,5.990000
102200,2391,4973.28,4782,28,19004.893,0.019004893,8.37,6.300000
102300,2391,4973.28,4782,28,19004.893,0.019004893,8.37,6.240000
102400,2391,4973.28,4782,28,19004.893,0.019004893,8.37,6.180000
102500,2391,4973.28,4782,28,19004.893,0.019004893,8.37,6.180000
102600,2393,4977.44,4786,28,19020.79,0.01902079,8.37,6.120000
102700,2393,4977.44,4786,28,19020.79,0.01902079,8.37,6.180000
102800,2404,5000.32,4808,28,19108.223,0.019108223,8.37,5.990000
102900,2404,5000.32,4808,28,19108.223,0.019108223,8.37,5.930000
103000,2407,5006.56,4814,28,19132.069,0.019132069,8.37,5.990000
103100,2409,5010.72,4818,28,19147.966,0.019147966,8.37,6.300000
103200,2407,5006.56,4814,28,19132.069,0.019132069,8.37,6.180000
103300,2407,5006.56,4814,28,19132.069,0.019132069,8.37,6.300000
103400,2406,5004.48,4812,28,19124.12,0.01912412,8.37,6.050000
103500,2394,4979.52,4788,28,19028.738,0.019028738,8.37,5.930000
103600,2396,4983.68,4792,28,19044.635,0.019044635,8.37,5.930000
103700,2395,4981.6,4790,28,19036.687,0.019036687,8.37,5.990000
103800,2399,4989.92,4798,28,19068.481,0.019068481,8.37,6.300000
103900,2400,4992,4800,28,19076.429,0.019076429,8.37,6.050000
104000,2400,4992,4800,28,19076.429,0.019076429,8.37,6.300000
104100,2402,4996.16,4804,28,19092.326,0.019092326,8.37,6.360000
104200,2413,5019.04,4826,28,19179.76,0.01917976,8.37,6.120000
104300,2415,5023.2,4830,28,19195.657,0.019195657,8.37,5.870000
104400,2416,5025.28,4832,28,19203.605,0.019203605,8.37,5.930000
104500,2419,5031.52,4838,28,19227.451,0.019227451,8.37,6.180000
104600,2419,5031.52,4838,28,19227.451,0.019227451,8.37,6.240000
104700,2419,5031.52,4838,28,19227.451,0.019227451,8.37,5.810000
104800,2418,5029.44,4836,28,19219.502,0.019219502,8.37,6.050000
104900,2407,5006.56,4814,28,19132.069,0.019132069,8.37,6.420000
105000,2407,5006.56,4814,28,19132.069,0.019132069,8.37,6.180000
105100,2406,5004.48,4812,28,19124.12,0.01912412,8.37,5.870000
105200,2404,5000.32,4808,28,19108.223,0.019108223,8.37,5.870000
105300,2404,5000.32,4808,28,19108.223,0.019108223,8.37,6.240000
105400,2404,5000.32,4808,28,19108.223,0.019108223,8.37,6.360000
105500,2406,5004.48,4812,28,19124.12,0.01912412,8.37,6.240000
105600,2407,5006.56,4814,28,19132.069,0.019132069,8.37,6.180000
105700,2419,5031.52,4838,28,19227.451,0.019227451,8.37,5.930000
105800,2422,5037.76,4844,28,19251.296,0.019251296,8.37,5.870000
105900,2422,5037.76,4844,28,19251.296,0.019251296,8.37,6.050000
106000,2422,5037.76,4844,28,19251.296,0.019251296,8.37,6.240000
106100,2424,5041.92,4848,28,19267.193,0.019267193,8.37,6.300000
106200,2424,5041.92,4848,28,19267.193,0.019267193,8.37,6.240000
106300,2422,5037.76,4844,28,19251.296,0.019251296,8.37,6.050000
106400,2422,5037.76,4844,28,19251.296,0.019251296,8.37,5.930000
106500,2410,5012.8,4820,28,19155.914,0.019155914,8.37,5.990000
106600,2410,5012.8,4820,28,19155.914,0.019155914,8.37,5.930000
106700,2409,5010.72,4818,28,19147.966,0.019147966,8.37,6.120000
106800,2407,5006.56,4814,28,19132.069,0.019132069,8.37,6.300000
106900,2406,5004.48,4812,28,19124.12,0.01912412,8.37,6.300000
107000,2406,5004.48,4812,28,19124.12,0.01912412,8.37,6.300000
107100,2404,5000.32,4808,28,19108.223,0.019108223,8.37,6.240000
107200,2413,5019.04,4826,28,19179.76,0.01917976,8.37,6.050000
107300,2412,5016.96,4824,28,19171.811,0.019171811,8.37,5.990000
107400,2412,5016.96,4824,28,19171.811,0.019171811,8.37,5.990000
107500,2410,5012.8,4820,28,19155.914,0.019155914,8.37,6.300000
107600,2409,5010.72,4818,28,19147.966,0.019147966,8.37,6.050000
107700,2409,5010.72,4818,28,19147.966,0.019147966,8.37,6.180000
107800,2412,5016.96,4824,28,19171.811,0.019171811,8.37,6.180000
107900,2400,4992,4800,28,19076.429,0.019076429,8.37,6.300000
108000,2400,4992,4800,28,19076.429,0.019076429,8.37,6.360000
108100,2398,4987.84,4796,28,19060.532,0.019060532,8.37,6.120000
108200,2395,4981.6,4790,28,19036.687,0.019036687,8.37,6.050000
108300,2394,4979.52,4788,28,19028.738,0.019028738,8.37,5.810000
108400,2389,4969.12,4778,28,18988.996,0.018988996,8.37,6.120000
108500,2389,4969.12,4778,28,18988.996,0.018988996,8.37,6.180000
108600,2398,4987.84,4796,28,19060.532,0.019060532,8.37,5.990000
108700,2398,4987.84,4796,31,19060.532,0.019060532,8.37,5.870000
108800,2415,5023.2,4830,31,19195.657,0.019195657,8.37,6.980000
108900,2439,5073.12,4878,31,19386.421,0.019386421,8.37,7.290000
109000,2463,5123.04,4926,31,19577.185,0.019577185,8.37,7.480000
109100,2487,5172.96,4974,31,19767.95,0.01976795,8.37,7.040000
109200,2508,5216.64,5016,31,19934.868,0.019934868,8.37,7.100000
109300,2529,5260.32,5058,31,20101.787,0.020101787,8.37,7.170000
109400,2544,5291.52,5088,31,20221.015,0.020221015,8.37,7.100000
109500,2558,5320.64,5116,31,20332.294,0.020332294,8.37,7.290000
109600,2571,5347.68,5142,31,20435.625,0.020435625,8.37,7.100000
109700,2583,5372.64,5166,31,20531.007,0.020531007,8.37,6.860000
109800,2595,5397.6,5190,31,20626.389,0.020626389,8.37,7.230000
109900,2592,5391.36,5184,31,20602.544,0.020602544,8.37,7.230000
110000,2599,5405.92,5198,31,20658.183,0.020658183,8.37,7.230000
110100,2606,5420.48,5212,31,20713.823,0.020713823,8.37,6.800000
110200,2615,5439.2,5230,31,20785.359,0.020785359,8.37,7.040000
110300,2621,5451.68,5242,31,20833.05,0.02083305,8.37,7.040000
110400,2643,5497.44,5286,31,21007.918,0.021007918,8.37,7.350000
110500,2648,5507.84,5296,31,21047.66,0.02104766,8.37,6.860000
110600,2652,5516.16,5304,31,21079.454,0.021079454,8.37,6.800000
110700,2654,5520.32,5308,31,21095.351,0.021095351,8.37,7.170000
110800,2646,5503.68,5292,31,21031.763,0.021031763,8.37,7.290000
110900,2650,5512,5300,31,21063.557,0.021063557,8.37,7.290000
111000,2650,5512,5300,31,21063.557,0.021063557,8.37,7.100000
111100,2654,5520.32,5308,31,21095.351,0.021095351,8.37,6.860000
111200,2667,5547.36,5334,31,21198.682,0.021198682,8.37,6.800000
111300,2668,5549.44,5336,31,21206.63,0.02120663,8.37,7.040000
111400,2670,5553.6,5340,31,21222.527,0.021222527,8.37,7.100000
111500,2670,5553.6,5340,31,21222.527,0.021222527,8.37,6.860000
111600,2659,5530.72,5318,31,21135.094,0.021135094,8.37,6.730000
111700,2661,5534.88,5322,31,21150.991,0.021150991,8.37,6.800000
111800,2663,5539.04,5326,31,21166.888,0.021166888,8.37,6.920000
111900,2681,5576.48,5362,31,21309.961,0.021309961,8.37,7.290000
112000,2685,5584.8,5370,31,21341.755,0.021341755,8.37,7.350000
112100,2688,5591.04,5376,31,21365.601,0.021365601,8.37,7.350000
112200,2690,5595.2,5380,31,21381.498,0.021381498,8.37,7.100000
112300,2676,5566.08,5352,31,21270.219,0.021270219,8.37,7.170000
112400,2677,5568.16,5354,31,21278.167,0.021278167,8.37,6.800000
112500,2678,5570.24,5356,31,21286.116,0.021286116,8.37,7.170000
112600,2692,5599.36,5384,31,21397.395,0.021397395,8.37,7.290000
112700,2692,5599.36,5384,31,21397.395,0.021397395,8.37,7.100000
112800,2695,5605.6,5390,31,21421.24,0.02142124,8.37,7.040000
112900,2677,5568.16,5354,31,21278.167,0.021278167,8.37,7.230000
113000,2681,5576.48,5362,31,21309.961,0.021309961,8.37,6.860000
113100,2683,5580.64,5366,31,21325.858,0.021325858,8.37,7.230000
113200,2679,5572.32,5358,31,21294.064,0.021294064,8.37,6.980000
113300,2692,5599.36,5384,31,21397.395,0.021397395,8.37,7.290000
113400,2694,5603.52,5388,31,21413.292,0.021413292,8.37,7.040000
113500,2694,5603.52,5388,31,21413.292,0.021413292,8.37,6.800000
113600,2679,5572.32,5358,31,21294.064,0.021294064,8.37,6.920000
113700,2679,5572.32,5358,31,21294.064,0.021294064,8.37,6.920000
113800,2677,5568.16,5354,31,21278.167,0.021278167,8.37,7.350000
113900,2689,5593.12,5378,31,21373.549,0.021373549,8.37,7.170000
114000,2690,5595.2,5380,31,21381.498,0.021381498,8.37,7.230000
114100,2688,5591.04,5376,31,21365.601,0.021365601,8.37,6.980000
114200,2676,5566.08,5352,31,21270.219,0.021270219,8.37,6.800000
114300,2678,5570.24,5356,31,21286.116,0.021286116,8.37,7.230000
114400,2677,5568.16,5354,31,21278.167,0.021278167,8.37,7.170000
114500,2679,5572.32,5358,31,21294.064,0.021294064,8.37,7.230000
114600,2692,5599.36,5384,31,21397.395,0.021397395,8.37,7.230000
114700,2692,5599.36,5384,31,21397.395,0.021397395,8.37,7.170000
114800,2694,5603.52,5388,31,21413.292,0.021413292,8.37,6.730000
114900,2681,5576.48,5362,31,21309.961,0.021309961,8.37,7.170000
115000,2683,5580.64,5366,31,21325.858,0.021325858,8.37,6.860000
115100,2683,5580.64,5366,31,21325.858,0.021325858,8.37,6.860000
115200,2698,5611.84,5396,31,21445.086,0.021445086,8.37,7.100000
115300,2696,5607.68,5392,31,21429.189,0.021429189,8.37,7.170000
115400,2696,5607.68,5392,31,21429.189,0.021429189,8.37,6.800000
115500,2685,5584.8,5370,31,21341.755,0.021341755,8.37,6.800000
115600,2685,5584.8,5370,31,21341.755,0.021341755,8.37,7.040000
115700,2686,5586.88,5372,31,21349.704,0.021349704,8.37,6.860000
115800,2685,5584.8,5370,31,21341.755,0.021341755,8.37,6.860000
115900,2696,5607.68,5392,31,21429.189,0.021429189,8.37,7.100000
116000,2698,5611.84,5396,31,21445.086,0.021445086,8.37,6.920000
116100,2699,5613.92,5398,31,21453.034,0.021453034,8.37,7.230000
116200,2689,5593.12,5378,31,21373.549,0.021373549,8.37,7.040000
116300,2689,5593.12,5378,31,21373.549,0.021373549,8.37,6.980000
116400,2690,5595.2,5380,31,21381.498,0.021381498,8.37,6.860000
116500,2703,5622.24,5406,31,21484.828,0.021484828,8.37,6.920000
116600,2705,5626.4,5410,31,21500.725,0.021500725,8.37,6.980000
116700,2707,5630.56,5414,31,21516.622,0.021516622,8.37,7.290000
116800,2699,5613.92,5398,31,21453.034,0.021453034,8.37,7.350000
116900,2700,5616,5400,31,21460.983,0.021460983,8.37,7.230000
117000,2700,5616,5400,31,21460.983,0.021460983,8.37,7.100000
117100,2711,5638.88,5422,31,21548.416,0.021548416,8.37,7.100000
117200,2711,5638.88,5422,31,21548.416,0.021548416,8.37,7.040000
117300,2711,5638.88,5422,31,21548.416,0.021548416,8.37,6.860000
117400,2700,5616,5400,31,21460.983,0.021460983,8.37,7.040000
117500,2700,5616,5400,31,21460.983,0.021460983,8.37,7.290000
117600,2699,5613.92,5398,31,21453.034,0.021453034,8.37,7.350000
117700,2713,5643.04,5426,31,21564.313,0.021564313,8.37,7.230000
117800,2713,5643.04,5426,31,21564.313,0.021564313,8.37,7.100000
117900,2709,5634.72,5418,31,21532.519,0.021532519,8.37,7.100000
118000,2700,5616,5400,31,21460.983,0.021460983,8.37,7.100000
118100,2701,5618.08,5402,31,21468.931,0.021468931,8.37,7.230000
118200,2700,5616,5400,31,21460.983,0.021460983,8.37,7.170000
118300,2713,5643.04,5426,31,21564.313,0.021564313,8.37,7.170000
118400,2713,5643.04,5426,31,21564.313,0.021564313,8.37,6.980000
118500,2715,5647.2,5430,31,21580.211,0.021580211,8.37,6.980000
118600,2704,5624.32,5408,31,21492.777,0.021492777,8.37,7.290000
118700,2705,5626.4,5410,31,21500.725,0.021500725,8.37,7.170000
118800,2744,5707.52,5488,31,21810.717,0.021810717,8.35,8.460000
118900,2765,5751.2,5530,31,21977.636,0.021977636,8.35,8.710000
119000,2788,5799.04,5576,31,22160.452,0.022160452,8.35,8.590000
119100,2801,5826.08,5602,31,22263.783,0.022263783,8.35,8.650000
119200,2818,5861.44,5636,31,22398.907,0.022398907,8.35,8.400000
119300,2856,5940.48,5712,31,22700.951,0.022700951,8.35,8.280000
119400,2863,5955.04,5726,31,22756.59,0.02275659,8.35,8.220000
119500,2873,5975.84,5746,31,22836.075,0.022836075,8.35,8.160000
119600,2901,6034.08,5802,31,23058.634,0.023058634,8.35,8.340000
119700,2914,6061.12,5828,31,23161.964,0.023161964,8.35,8.160000
119800,2914,6061.12,5828,31,23161.964,0.023161964,8.35,8.090000
119900,2938,6111.04,5876,31,23352.729,0.023352729,8.35,8.220000
120000,2938,6111.04,5876,31,23352.729,0.023352729,8.35,8.280000
120100,2947,6129.76,5894,31,23424.265,0.023424265,8.35,8.280000
120200,2974,6185.92,5948,33.8,23638.875,0.023638875,8.35,8.400000
120300,2968,6173.44,5936,33.8,23591.184,0.023591184,8.35,8.340000
120400,2988,6215.04,5976,33.8,23750.154,0.023750154,8.35,8.340000
120500,2993,6225.44,5986,33.8,23789.897,0.023789897,8.35,8.220000
120600,2986,6210.88,5972,33.8,23734.257,0.023734257,8.35,8.090000
120700,3006,6252.48,6012,33.8,23893.228,0.023893228,8.37,7.970000
120800,3002,6244.16,6004,33.8,23861.433,0.023861433,8.35,8.460000
120900,3021,6283.68,6042,33.8,24012.455,0.024012455,8.35,8.400000
121000,3025,6292,6050,33.8,24044.249,0.024044249,8.35,8.280000
121100,3015,6271.2,6030,33.8,23964.764,0.023964764,8.35,8.400000
121200,3033,6308.64,6066,33.8,24107.837,0.024107837,8.37,8.220000
121300,3023,6287.84,6046,33.8,24028.352,0.024028352,8.35,8.340000
121400,3042,6327.36,6084,33.8,24179.374,0.024179374,8.35,8.340000
121500,3030,6302.4,6060,33.8,24083.992,0.024083992,8.35,8.220000
121600,3044,6331.52,6088,33.8,24195.271,0.024195271,8.35,8.340000
121700,3047,6337.76,6094,33.8,24219.117,0.024219117,8.35,8.280000
121800,3035,6312.8,6070,33.8,24123.734,0.024123734,8.35,8.280000
121900,3046,6335.68,6092,33.8,24211.168,0.024211168,8.35,8.400000
122000,3035,6312.8,6070,33.8,24123.734,0.024123734,8.35,8.280000
122100,3048,6339.84,6096,33.8,24227.065,0.024227065,8.37,8.280000
122200,3037,6316.96,6074,33.8,24139.631,0.024139631,8.35,8.400000
122300,3051,6346.08,6102,33.8,24250.911,0.024250911,8.35,7.970000
122400,3042,6327.36,6084,33.8,24179.374,0.024179374,8.35,8.400000
122500,3042,6327.36,6084,33.8,24179.374,0.024179374,8.37,8.090000
122600,3061,6366.88,6122,33.8,24330.396,0.024330396,8.35,8.340000
122700,3051,6346.08,6102,33.8,24250.911,0.024250911,8.37,8.340000
122800,3066,6377.28,6132,33.8,24370.138,0.024370138,8.35,8.400000
122900,3054,6352.32,6108,33.8,24274.756,0.024274756,8.35,8.280000
123000,3068,6381.44,6136,33.8,24386.035,0.024386035,8.35,8.340000
123100,3054,6352.32,6108,33.8,24274.756,0.024274756,8.35,8.090000
123200,3068,6381.44,6136,33.8,24386.035,0.024386035,8.37,8.160000
123300,3051,6346.08,6102,33.8,24250.911,0.024250911,8.35,8.340000
123400,3066,6377.28,6132,33.8,24370.138,0.024370138,8.35,8.340000
123500,3051,6346.08,6102,33.8,24250.911,0.024250911,8.35,8.160000
123600,3049,6341.92,6098,33.8,24235.014,0.024235014,8.35,8.400000
123700,3063,6371.04,6126,33.8,24346.293,0.024346293,8.35,8.340000
123800,3049,6341.92,6098,33.8,24235.014,0.024235014,8.35,8.340000
123900,3063,6371.04,6126,33.8,24346.293,0.024346293,8.35,8.280000
124000,3049,6341.92,6098,33.8,24235.014,0.024235014,8.35,8.220000
124100,3066,6377.28,6132,33.8,24370.138,0.024370138,8.35,8.340000
124200,3051,6346.08,6102,33.8,24250.911,0.024250911,8.37,8.160000
124300,3066,6377.28,6132,33.8,24370.138,0.024370138,8.35,8.280000
124400,3054,6352.32,6108,33.8,24274.756,0.024274756,8.37,8.160000
124500,3071,6387.68,6142,33.8,24409.881,0.024409881,8.35,8.160000
124600,3073,6391.84,6146,33.8,24425.778,0.024425778,8.35,8.220000
124700,3061,6366.88,6122,33.8,24330.396,0.024330396,8.35,8.220000
124800,3075,6396,6150,33.8,24441.675,0.024441675,8.35,8.340000
124900,3063,6371.04,6126,33.8,24346.293,0.024346293,8.35,8.400000
125000,3073,6391.84,6146,33.8,24425.778,0.024425778,8.35,8.400000
125100,3058,6360.64,6116,33.8,24306.55,0.02430655,8.35,8.280000
125200,3071,6387.68,6142,33.8,24409.881,0.024409881,8.35,8.400000
125300,3053,6350.24,6106,33.8,24266.808,0.024266808,8.35,8.400000
125400,3065,6375.2,6130,33.8,24362.19,0.02436219,8.37,8.160000
125500,3049,6341.92,6098,33.8,24235.014,0.024235014,8.37,8.280000
125600,3066,6377.28,6132,33.8,24370.138,0.024370138,8.35,8.400000
125700,3063,6371.04,6126,33.8,24346.293,0.024346293,8.35,8.400000
125800,3054,6352.32,6108,33.8,24274.756,0.024274756,8.35,8.400000
125900,3063,6371.04,6126,33.8,24346.293,0.024346293,8.37,8.030000
126000,3051,6346.08,6102,33.8,24250.911,0.024250911,8.35,8.280000
126100,3063,6371.04,6126,33.8,24346.293,0.024346293,8.35,8.280000
126200,3051,6346.08,6102,33.8,24250.911,0.024250911,8.35,8.280000
126300,3063,6371.04,6126,33.8,24346.293,0.024346293,8.37,8.030000
126400,3049,6341.92,6098,33.8,24235.014,0.024235014,8.35,7.910000
126500,3061,6366.88,6122,33.8,24330.396,0.024330396,8.37,7.970000
126600,3049,6341.92,6098,33.8,24235.014,0.024235014,8.37,7.970000
126700,3048,6339.84,6096,33.8,24227.065,0.024227065,8.35,8.090000
126800,3063,6371.04,6126,33.8,24346.293,0.024346293,8.37,7.970000
126900,3046,6335.68,6092,33.8,24211.168,0.024211168,8.37,7.780000
127000,3061,6366.88,6122,33.8,24330.396,0.024330396,8.37,8.220000
127100,3044,6331.52,6088,33.8,24195.271,0.024195271,8.35,8.340000
127200,3058,6360.64,6116,33.8,24306.55,0.02430655,8.37,8.160000
127300,3047,6337.76,6094,33.8,24219.117,0.024219117,8.35,8.340000
127400,3056,6356.48,6112,33.8,24290.653,0.024290653,8.35,8.090000
127500,3044,6331.52,6088,33.8,24195.271,0.024195271,8.35,7.910000
127600,3054,6352.32,6108,33.8,24274.756,0.024274756,8.35,8.160000
127700,3056,6356.48,6112,33.8,24290.653,0.024290653,8.35,8.090000
127800,3041,6325.28,6082,33.8,24171.425,0.024171425,8.37,7.780000
127900,3054,6352.32,6108,33.8,24274.756,0.024274756,8.35,7.970000
128000,3041,6325.28,6082,33.8,24171.425,0.024171425,8.35,8.280000
128100,3054,6352.32,6108,33.8,24274.756,0.024274756,8.37,7.910000
128200,3040,6323.2,6080,33.8,24163.477,0.024163477,8.37,7.850000
128300,3054,6352.32,6108,33.8,24274.756,0.024274756,8.35,8.160000
128400,3040,6323.2,6080,33.8,24163.477,0.024163477,8.35,8.220000
128500,3034,6310.72,6068,33.8,24115.786,0.024115786,8.37,8.030000
128600,3048,6339.84,6096,33.8,24227.065,0.024227065,8.35,8.160000
128700,3034,6310.72,6068,0,24115.786,0.024115786,8.37,7.850000
128800,2835,5896.8,5670,0,22534.032,0.022534032,8.43,0.000000
128900,2554,5312.32,5108,0,20300.5,0.0203005,8.43,0.000000
129000,2252,4684.16,4504,0,17900.049,0.017900049,8.43,0.000000
129100,2009,4178.72,4018,0,15968.561,0.015968561,8.43,0.000000
129200,1776,3694.08,3552,0,14116.558,0.014116558,8.43,0.000000
129300,1514,3149.12,3028,0,12034.047,0.012034047,8.43,0.000000
129400,1338,2783.04,2676,0,10635.109,0.010635109,8.43,0.000000
129500,1150,2392,2300,0,9140.789,0.009140789,8.43,0.000000
129600,1056,2196.48,2112,0,8393.629,0.008393629,8.43,0.000000
129700,1056,2196.48,2112,0,8393.629,0.008393629,8.43,0.000000
129800,1056,2196.48,2112,0,8393.629,0.008393629,8.43,0.000000
129900,1056,2196.48,2112,0,8393.629,0.008393629,8.43,0.000000
130000,1056,2196.48,2112,0,8393.629,0.008393629,8.43,0.000000
130100,436,906.88,872,0,3465.551,0.003465551,8.43,0.000000
130200,436,906.88,872,0,3465.551,0.003465551,8.43,0.000000
130300,436,906.88,872,0,3465.551,0.003465551,8.43,0.000000
130400,436,906.88,872,0,3465.551,0.003465551,8.43,0.000000
130500,436,906.88,872,0,3465.551,0.003465551,8.43,0.000000
130600,436,906.88,872,0,3465.551,0.003465551,8.43,0.000000
130700,436,906.88,872,0,3465.551,0.003465551,8.43,0.000000
130800,178,370.24,356,0,1414.835,0.001414835,8.43,0.000000
